Ano,Escola,Cidade,Horário da visita: ,Número de alunos: ,De quais os anos do ensino fundamental são os alunos visitantes?,Número de alunos do ensino fundamental,De quais os anos do ensino médio são os alunos visitantes?,Número de alunos do ensino medio
2023,EE CORA CORALINA,IBIRITÉ,Manhã,80,"6o ano, 7o ano",N/A,3o ano,N/A
2023,EE José Amâncio dos Santos ,Igarapé ,Manhã e Tarde,300,7o ano,N/A,"1o ano, 2o ano, 3o ano",N/A
2023,EE José de Oliveira,Santana do Garambéu,Manhã e Tarde,97,6o ano,N/A,"1o ano, 2o ano, 3o ano",N/A
2023,EE LOPES FRANCO,Conselheiro Lafaiete,Manhã e Tarde,42,9o ano,N/A,3o ano,N/A
2023,EE Manoel Antônio de Sousa,Mateus Leme,Manhã e Tarde,97,6o ano,N/A,"1o ano, 2o ano, 3o ano",N/A
2023,EE JOAQUIM NABUCO,DIVINOPOLIS,Manhã e Tarde,80,6o ano,N/A,3o ano,N/A
2023,EE ANA MENDES PEREIRA DUTRA,São Pedro do Avaí,Manhã e Tarde,90,9o ano,N/A,"1o ano, 2o ano, 3o ano",N/A
2023,EE Coronel Américo Vespúcio de Carvalho,Alto Caparaó,Manhã e Tarde,50,9o ano,N/A,"1o ano, 2o ano, 3o ano",N/A
2023,EE Escritora Carolina Maria de Jesus,Sacramento,Tarde,30,9o ano,N/A,2o ano,N/A
2023,EE Hugo Viana Chaves ,Ribeirão das Neves ,Manhã e Tarde,40,6o ano,N/A,3o ano,N/A
2023,EE Serafim Ribeiro de Rezende , Florestal,Manhã,330,9o ano,N/A,"1o ano, 2o ano, 3o ano",N/A
2023,EE João Alves dos Santos ,Varzelândia ,Manhã e Tarde,38,9o ano,N/A,"1o ano, 2o ano, 3o ano",N/A
2023,EM Raul Saraiva Ribeiro ,Betim ,Manhã,120,9o ano,N/A,Não levaremos estudantes do ensino médio,N/A
2023,EM Maria Cândida de Jesus,Juatuba,Manhã,42,9o ano,N/A,Não levaremos estudantes do ensino médio,N/A
2023,EE Monsenhor Rodolfo,Ervália,Manhã e Tarde,40,9o ano,N/A,Não levaremos estudantes do ensino médio,N/A
2023,EE SERAFIM RIBEIRO DE REZENDE,Florestal,Tarde,66,"8a ano, 9o ano",N/A,3o ano,N/A
2023,EM Jose Pires Montes,Juatuba,Manhã,40,9o ano,N/A,Não levaremos estudantes do ensino médio,N/A
2023,EE Professor Francisco Tibúrcio,Maravilhas,Manhã,29,Não levaremos estudantes do ensino fundamental.,N/A,3o ano,N/A
2023,EE SERAFIM RIBEIRO DE REZENDE,Florestal,Manhã,84,9o ano,N/A,3o ano,N/A
2023,EE Santo Apolinário,Simonésia,Manhã e Tarde,16,Não levaremos estudantes do ensino fundamental.,N/A,3o ano,N/A
2023,EE FRANCISCO CAMPOS,DORES DO INDAIÁ,Manhã,52,Não levaremos estudantes do ensino fundamental.,N/A,"1o ano, 2o ano, 3o ano",N/A
2023,EE NOSSA SENHORA DA PAZ,São Joaquim de Bicas,Manhã,44,Não levaremos estudantes do ensino fundamental.,N/A,"1o ano, 2o ano",N/A
2023,EE PREFEITO JOSÉ MARIA PEREIRA,BURITIZEIRO,Manhã e Tarde,28,9o ano,N/A,"1o ano, 2o ano",N/A
2023,EE DOUTOR JOSÉ ESTEVES RODRIGUES,JANAÚBA,Manhã e Tarde,27,Não levaremos estudantes do ensino fundamental.,N/A,"2o ano, 3o ano",N/A
2023,EE DO POVOADO DE BOM JESUS DA BOA VISTA,Virginópolis,Manhã e Tarde,30,Não levaremos estudantes do ensino fundamental.,N/A,"1o ano, 2o ano",N/A
2023,EE PROFESSORA DORA SILVA ,Caetanópolis ,Manhã e Tarde,46,Não levaremos estudantes do ensino fundamental.,N/A,"1o ano, 2o ano, 3o ano",N/A
2023,COLÉGIO LOSANGO DE ITAÚNA ,Itaúna,Manhã e Tarde,50,Não levaremos estudantes do ensino fundamental.,N/A,"1o ano, 2o ano, 3o ano",N/A
2023,EE Marlene Martins Reis,Pratinha,Manhã,40,9o ano,N/A,"1o ano, 2o ano, 3o ano",N/A
2023,EM Marechal Deodoro , Pará de Minas,Manhã,9,9o ano,N/A,Não levaremos estudantes do ensino médio,N/A
2023,EE DONA AMANDA DE PINHEIRO SENNA,Igaratinga,Manhã e Tarde,40,9o ano,N/A,"1o ano, 3o ano",N/A
2023,EM PROFESSOR JOSE MORATO,Conceição do Pará,Manhã,40,"6o ano, 7o ano, 8a ano, 9o ano",N/A,Não levaremos estudantes do ensino médio,N/A
2023,EM MARIA ,JUATUBA,Manhã,48,"8a ano, 9o ano",N/A,Não levaremos estudantes do ensino médio,N/A
2023,ESCOLA ESTAÇÃO DO SABER, Pará de Minas,Tarde,12,Não levaremos estudantes do ensino fundamental.,N/A,Não levaremos estudantes do ensino médio,N/A
2023,EM Conceição Maria Moreira, Pará de Minas,Manhã e Tarde,35,"8a ano, 9o ano",N/A,Não levaremos estudantes do ensino médio,N/A
2023,EE Melo Viana,Bonfim,Manhã e Tarde,40,9o ano,N/A,3o ano,N/A
2023,EE Dr José Gonçalves,Itaúna,Manhã e Tarde,47,Não levaremos estudantes do ensino fundamental.,N/A,"1o ano, 2o ano, 3o ano",N/A
2023,EE Estadual Zezé Lima ,Itaúna,Manhã,41,9o ano,N/A,"1o ano, 2o ano, 3o ano",N/A
2023,EM João Batista Machado de Brito,Betim,Tarde,45,9o ano,N/A,Não levaremos estudantes do ensino médio,N/A
2023,CEDAF,Florestal,Manhã e Tarde,540,6o ano,N/A,3o ano,N/A
2024,EE SERAFIM RIBEIRO DE REZENDE ,Florestal,Manhã e Tarde,250,9º ano,N/A,3º ano,N/A
2024,EE Domingos Justino Ribeiro,Mateus Leme,Manhã,47,Não levaremos estudantes do ensino fundamental,N/A,"2º ano, 3º ano",N/A
2024,ESCOLA ESTADUAL JOAQUIM CORRÊA,JUATUBA,Manhã e Tarde,40,Não levaremos estudantes do ensino fundamental,N/A,3º ano,N/A
2024,Escola Estadual Monte Sinai, Esmeraldas,Manhã e Tarde,42,Não levaremos estudantes do ensino fundamental,N/A,2º ano,N/A
2024,E.E. PROFESSOR ANTÔNIO RIBEIRO,Estrela do Indaiá,Manhã e Tarde,30,Não levaremos estudantes do ensino fundamental,N/A,"2º ano, 3º ano",N/A
2024,Escola Municipal Dom Bosco,Dom Bosco,Manhã,50,9º ano,N/A,Não levaremos estudantes do ensino médio,N/A
2024,Escola Municipal Marechal Deodoro,Pará de Minas,Tarde,12,9º ano,N/A,Não levaremos estudantes do ensino médio,N/A
2024,ESCOLA ESTADUAL VIRIATO MELGAÇO,PEQUI,Manhã e Tarde,35,Não levaremos estudantes do ensino fundamental,N/A,3º ano,N/A
2024,ESCOLA MUNICIPAL CONCEIÇÃO MARIA MOREIRA,Pará de Minas,Manhã e Tarde,20,9º ano,N/A,Não levaremos estudantes do ensino médio,N/A
2024,Escola Municipal Maria Renilda Ferreira , Juatuba ,Manhã,45,"7º ano, 8º ano, 9º ano",N/A,Não levaremos estudantes do ensino médio,N/A
2024,COLÉGIO TIRADENTES DA PMMG - UNIDADE BOM DESPACHO,Bom despacho,Manhã e Tarde,55,Não levaremos estudantes do ensino fundamental,N/A,2º ano,N/A
2024,E.E JOSÉ RIBEIRO DE ANDRADE,Pará de Minas,Manhã,14,Não levaremos estudantes do ensino fundamental,N/A,3º ano,N/A
2024,Escola Municipal Maria Renilda Ferreira ,Juatuba,Manhã,45,"7º ano, 8º ano, 9º ano",N/A,Não levaremos estudantes do ensino médio,N/A
2024,Escola Municipal Frei Rogato,Betim,Manhã,105,"8º ano, 9º ano",N/A,Não levaremos estudantes do ensino médio,N/A
2024,Escola Estadual José Manoel,Araújos,Manhã e Tarde,50,Não levaremos estudantes do ensino fundamental,N/A,"2º ano, 3º ano",N/A
2024,Colégio Tiradentes da PMMG - Unidade de Bom Despacho,Bom despacho,Manhã,60,Não levaremos estudantes do ensino fundamental,N/A,2º ano,N/A
2024,COLEGIO APOGEU - PARÁ DE MINAS,Pará de Minas,Manhã,50,Não levaremos estudantes do ensino fundamental,N/A,"1º ano, 2º ano, 3º ano",N/A
2024,Escola Municipal Renata Mendes Lopes,Mateus Leme,Manhã e Tarde,112,"8º ano, 9º ano",N/A,Não levaremos estudantes do ensino médio,N/A
2024,ESCOLA MUNICIPAL MARIA CÂNDIDA DE JESUS,Juatuba,Manhã,43,9º ano,N/A,Não levaremos estudantes do ensino médio,N/A
2024,Escola Estadual Santo Tomaz de Aquino,Divinópolis,Manhã e Tarde,90,9º ano,N/A,"1º ano, 2º ano, 3º ano",N/A
2024,E.E. GUSTAVO CAPANEMA,PITANGUI,Manhã,50,Não levaremos estudantes do ensino fundamental,N/A,"2º ano, 3º ano",N/A
2024,"Escola Municipal ""São Judas Tadeu""",Pará de Minas,Manhã e Tarde,10,9º ano,N/A,Não levaremos estudantes do ensino médio,N/A
2024,Escola Estadual Padre Libério ,Pará de Minas,Manhã e Tarde,70,Não levaremos estudantes do ensino fundamental,N/A,"1º ano, 2º ano, 3º ano",N/A
2024,Escola Estadual Sarah Kubitschek ,Betim,Manhã,50,Não levaremos estudantes do ensino fundamental,N/A,3º ano,N/A
2024,EE Leonardo Gonçalves Nogueira,Itaúna,Manhã,40,Não levaremos estudantes do ensino fundamental,N/A,"1º ano, 2º ano, 3º ano",N/A
2024,Escola Municipal Professora Izaltina Mendonça Meireles,Pará de MInas,Manhã e Tarde,24,9º ano,N/A,Não levaremos estudantes do ensino médio,N/A
2024,Escola Municipal Padre Moacir Candido Rodrigues ,Juatuba,Manhã,60,9º ano,N/A,Não levaremos estudantes do ensino médio,N/A
2024,ESCOLA ESTAÇÃO DO SABER,PARÁ DE MINAS,Tarde,13,Não levaremos estudantes do ensino fundamental,N/A,Não levaremos estudantes do ensino médio,N/A
2024,E M RAUL SARAIVA RIBEIRO,Betim,Manhã e Tarde,80,"7º ano, 8º ano, 9º ano",N/A,Não levaremos estudantes do ensino médio,N/A
2024,E.M. José Pires Montes ,Juatuba,Manhã,41,9º ano,N/A,Não levaremos estudantes do ensino médio,N/A
2024,ESCOLA MUNICIPAL PADRE MOACIR CÂNDIDO RODRIGUES,Juatuba,Manhã,62,9º ano,N/A,Não levaremos estudantes do ensino médio,N/A
2024,Nilza Gomes Bergman ,Sarzedo,Manhã,50,Não levaremos estudantes do ensino fundamental,N/A,2º ano,N/A
2024,Escola Municipal Geraldo Jorge Meira ,Betim,Manhã e Tarde,56,9º ano,N/A,Não levaremos estudantes do ensino médio,N/A
2024,Escola Municipal Miguel Rodrigues Duarte,Juatuba,Manhã,64,9º ano,N/A,Não levaremos estudantes do ensino médio,N/A
2024,Escola estadual Manoel Antônio de Sousa ,Mateus Leme,Manhã,17,Não levaremos estudantes do ensino fundamental,N/A,3º ano,N/A
2024,Escola Estadual Joelma Alves de Oliveira ,Igarapé ,Manhã e Tarde,52,Não levaremos estudantes do ensino fundamental,N/A,"1º ano, 2º ano",N/A
2024,EE LEONARDO GONÇALVES NOGUEIRA ,Itaúna,Manhã e Tarde,50,Não levaremos estudantes do ensino fundamental,N/A,"1º ano, 2º ano, 3º ano",N/A
2024,Escola Maria Imaculada Martins Oliveira,Mateus Leme,Manhã e Tarde,215,9º ano,N/A,Não levaremos estudantes do ensino médio,N/A
2024,Escola Estadual Maria Rita Duarte ,Juatuba,Manhã,40,"8º ano, 9º ano",N/A,"1º ano, 2º ano, 3º ano",N/A
2024,Escola Estadual Fernando Otávio ,Pará de Minas ,Manhã,125,Não levaremos estudantes do ensino fundamental,N/A,3º ano,N/A
2024,"Escola Municipal ""Doutor Júlio Rodrigues Plácido""",Mateus Leme,Manhã e Tarde,47,9º ano,N/A,Não levaremos estudantes do ensino médio,N/A
2024,ESCOLA MUNICIPAL ANTÔNIO D' ASSIS MARTINS,BETIM,Manhã,110,9º ano,N/A,Não levaremos estudantes do ensino médio,N/A
2024,"Escola Municipal ""Regina Célia de Oliveira Costa""",Mateus Leme,Manhã,145,9º ano,N/A,Não levaremos estudantes do ensino médio,N/A
2024,E.E. Hermenegildo Vilaça, Piracema,Manhã e Tarde,47,Não levaremos estudantes do ensino fundamental,N/A,"2º ano, 3º ano",N/A
2024,E.E. EMÍLIA CERDEIRA,BELO HORIZONTE,Manhã e Tarde,40,"8º ano, 9º ano",N/A,Não levaremos estudantes do ensino médio,N/A
2024,ESCOLA ESTADUAL SANTO TOMAZ DE AQUINO,DIVINÓPOLIS,Manhã e Tarde,90,"8º ano, 9º ano",N/A,"1º ano, 2º ano, 3º ano",N/A
2024,ESCOLA ESTADUAL MELO VIANA ,Bonfim,Manhã,40,Não levaremos estudantes do ensino fundamental,N/A,"2º ano, 3º ano",N/A
2024,Escola Estadual Angela Maria de Oliveira ,Pará de Minas ,Manhã e Tarde,40,Não levaremos estudantes do ensino fundamental,N/A,3º ano,N/A
2024,Escola Municipal Dona Vina,Maravilhas,Manhã,30,9º ano,N/A,Não levaremos estudantes do ensino médio,N/A
2024,Escola Municipal Manuel Antônio dos Santos ,Maravilhas,Manhã,13,9º ano,N/A,Não levaremos estudantes do ensino médio,N/A
2024,E. M. Jose Antonio Junior,Sao Joaquim de Bicas,Manhã,40,9º ano,N/A,Não levaremos estudantes do ensino médio,N/A
2024,"Escola Estadual ""Professor Augusto Lucas""",Esmeraldas,Manhã e Tarde,44,9º ano,N/A,Não levaremos estudantes do ensino médio,N/A
2024,Escola Estadual Elias Salomão,Mateus Leme,Manhã,46,Não levaremos estudantes do ensino fundamental,N/A,3º ano,N/A
2024,ESCOLA MUNICIPAL JUQUITA FIRMINO,JUATUBA,Manhã,40,9º ano,N/A,Não levaremos estudantes do ensino médio,N/A
2024,SESI DR. CELSO CHARURI,Pará de Minas,Manhã e Tarde,09,Não levaremos estudantes do ensino fundamental,N/A,3º ano,N/A
2024,Escola estadual Emília Cerdeira ,BELO HORIZONTE,Manhã e Tarde,25,9º ano,N/A,Não levaremos estudantes do ensino médio,N/A
2024,EE Professora Lourdes Bernadete,Betim,Manhã,25,Não levaremos estudantes do ensino fundamental,N/A,3º ano,N/A
2024,CEDAF,Florestal,Manhã e Tarde,540,Não levaremos estudantes do ensino fundamental,N/A,3º ano,N/A
2025,EE. Monsenhor Morais,Mariana,Manhã e Tarde,,9º ano,18,"1º ano, 2º ano, 3º ano",59
2025,Escola Estadual Quintino Vargas,João Pinheiro,Manhã e Tarde,,Não levaremos estudantes do ensino fundamental,0,3º ano,40
2025,E.E. HERMENEGILDO VILAÇA,PIRACEMA,Manhã,,Não levaremos estudantes do ensino fundamental,0,"1º ano, 2º ano, 3º ano",46
2025,ESCOLA ESTADUAL ZICO FERREIRA,PARÁ DE MINAS/MG,Manhã,,9º ano,10,"1º ano, 2º ano, 3º ano",30
2025,EE João Ramos Filho,Mariana ,Tarde,,Não levaremos estudantes do ensino fundamental,0,3º ano,100
2025,Escola Estadual Napoleão Reis,LAMIM,Manhã,,Não levaremos estudantes do ensino fundamental,0,"1º ano, 2º ano, 3º ano",110
2025,ESCOLA ESTADUAL DENIZ VALE ,NOVA LIMA ,Manhã,,Não levaremos estudantes do ensino fundamental,0,1º ano,100
2025,Escola estadual Coronel Domingos diniz couto,santana de pirapama,Manhã e Tarde,,Não levaremos estudantes do ensino fundamental,0,3º ano,76
2025,E E FRANCISCO FERREIRA MACIEL,PIRANGA MG,Manhã,,Não levaremos estudantes do ensino fundamental,0,"2º ano, 3º ano",40
2025,Colégio Tiradentes da PMMG Unidade de Bom Despacho,Bom Despacho,Manhã e Tarde,,9º ano,70,Não levaremos estudantes do ensino médio,0
2025,Escola Estadual Dona Antônia Valadares ,São José da Varginha ,Manhã,,Não levaremos estudantes do ensino fundamental,0,"2º ano, 3º ano",100
2025,EE SERAFIM RIBEIRO DE REZENDE ,FLORESTAL,Manhã e Tarde,,"8º ano, 9º ano",120,"1º ano, 2º ano, 3º ano",500
2025,ESCOLA ESTADUAL ANTÔNIO DE PAULA DIAS,PIRANGA,Manhã,,Não levaremos estudantes do ensino fundamental,0,3º ano,16
2025,Escola Estadual Francisco Dias ,Martinho Campos,Manhã,,Não levaremos estudantes do ensino fundamental,45,"1º ano, 2º ano, 3º ano",45
2025,Escola Estadual Coronel Amantino Maciel,Piranga ,Manhã,,"6º ano, 7º ano, 8º ano, 9º ano",40,Não levaremos estudantes do ensino médio,0
2025,Escola Estadual Antônio Augusto Ribeiro,Betim,Manhã,,Não levaremos estudantes do ensino fundamental,0,3º ano,43
2025,EE JOÃO FELIPE DA ROCHA,Nova Lima,Manhã,,9º ano,40,"1º ano, 2º ano, 3º ano",40
2025,Escola Estadual José Teotônio de Castro,Lagoa da Prata,Manhã e Tarde,,Não levaremos estudantes do ensino fundamental,0,"1º ano, 2º ano, 3º ano",40
2025,Escola Estadual Alvino Alcântara Fernandes,Mateus Leme,Manhã,,Não levaremos estudantes do ensino fundamental,0,3º ano,40
2025,Escola Padre João Parreiras Villaça,Carmo do Cajuru,Manhã e Tarde,,Não levaremos estudantes do ensino fundamental,80,3º ano,80
2025,E M José Vilaça Guimarães ,Betim,Manhã,,9º ano,21,Não levaremos estudantes do ensino médio,0
2025,Escola Municipal Sebastião Ferreira de Oliveira ,Betim ,Manhã e Tarde,,9º ano,70,Não levaremos estudantes do ensino médio,70
2025,ESCOLA MUNICIPAL GERALDO JORGE MEIRA,BETIM,Manhã e Tarde,,9º ano,40,Não levaremos estudantes do ensino médio,0
2025,ESCOLA MUNICIPAL ANTÔNIO TEREZA DOS SANTOS ,BETIM MG,Tarde,,"8º ano, 9º ano",50,Não levaremos estudantes do ensino médio,0
2025,ESCOLA ESTADUAL PADRE NONO,MARTINHO CAMPOS  - DISTRITO IBITIRA,Manhã e Tarde,,Não levaremos estudantes do ensino fundamental,0,"2º ano, 3º ano",40
2025,E.E.Manoel Batista ,Pará de Minas ,Manhã,,Não levaremos estudantes do ensino fundamental,0,3º ano,30
2025,E M RAUL SARAIVA RIBEIRO,BETIM,Manhã e Tarde,,"8º ano, 9º ano",140,Não levaremos estudantes do ensino médio,0
2025,Escola Municipal Frei Rogato,Betim,Manhã e Tarde,,"8º ano, 9º ano",90,Não levaremos estudantes do ensino médio,0
2025,Escola Estadual Miguel Gontijo ,Bom Despacho/MG,Tarde,,Não levaremos estudantes do ensino fundamental,0,"1º ano, 2º ano, 3º ano",45
2025,Escola Municipal Marechal Deodoro ,Pará de Minas ,Manhã e Tarde,,9º ano,10,Não levaremos estudantes do ensino médio,0
2025,ESCOLA MUNICIPAL DONA COTINHA,PARA DE MINAS,Manhã,,9º ano,50,Não levaremos estudantes do ensino médio,0
2025,Escola Municipal Lúcia Farage Freitas Gumiero,Betim,Manhã,,9º ano,60,Não levaremos estudantes do ensino médio,0
2025,escola estadual manoela soares bicalho,Ipatinga  MG,Manhã e Tarde,,Não levaremos estudantes do ensino fundamental,0,"1º ano, 2º ano, 3º ano",50
2025,E E CARLOS DRUMOND DE ANDRADE,BETIM,Manhã,,Não levaremos estudantes do ensino fundamental,0,3º ano,44
2025,ESCOLA ESTADUAL ANGELA MARIA DE OLIVEIRA,Pará de MInas,Manhã e Tarde,,9º ano,40,"1º ano, 2º ano, 3º ano",40
2025,Escola Estadual Padre João Parreiras Villaça,Carmo do Cajuru - MG,Manhã,,Não levaremos estudantes do ensino fundamental,0,3º ano,90
2025,COLÉGIO MILLENIUM,BOM DESPACHO,Manhã e Tarde,,Não levaremos estudantes do ensino fundamental,0,"1º ano, 2º ano, 3º ano",59
2025,Escola Municipal Miguel Rodrigues Duarte,Juatuba,Manhã,,9º ano,70,Não levaremos estudantes do ensino médio,0
2025,Escola Estadual Dr. Renato Azeredo,Betim,Manhã,,Não levaremos estudantes do ensino fundamental,0,"1º ano, 2º ano, 3º ano",100
2025,Escola Municipal José Vilaça Guimarães ,Betim ,Manhã,,9º ano,25,Não levaremos estudantes do ensino médio,0
2025,Colégio Educare Betim,Betim - MG,Manhã e Tarde,,Não levaremos estudantes do ensino fundamental,0,"1º ano, 2º ano, 3º ano",90
2025,EM. ANGELA RIBEIRO BATISTA MAIA,BETIM,Manhã e Tarde,,9º ano,50,Não levaremos estudantes do ensino médio,0
2025,Escola Municipal Maria Luzia de Andrade,Juatuba,Manhã,,9º ano,23,Não levaremos estudantes do ensino médio,0
2025,Escola Municipal Maria Cândida de Jesus,Juatuba,Manhã,,9º ano,48,Não levaremos estudantes do ensino médio,0
2025,ESCOLA ESTADUAL DA VILA BOA VISTA,ARCOS,Manhã,,Não levaremos estudantes do ensino fundamental,00,3º ano,45
2025,E E Joaquim Nabuco ,Divinópolis ,Manhã e Tarde,,Não levaremos estudantes do ensino fundamental,00,3º ano,200
2025,ESCOLA ESTADUAL SÃO FRANCISCO DE PAULA,Divinopolis,Manhã e Tarde,,Não levaremos estudantes do ensino fundamental,100,"2º ano, 3º ano",100
2025,Escola Municipal José Pires Montes,Juatuba,Manhã,,9º ano,35,Não levaremos estudantes do ensino médio,0
2025,Escola Estadual Padre Lauro,Nova Serrana ,Manhã e Tarde,,Não levaremos estudantes do ensino fundamental,0,"2º ano, 3º ano",90
2025,REDE DE ENSINO GENOMA ,Betim ,Tarde,,9º ano,60,3º ano,40
2025,ESCOLA MUNICIPAL DONA VINA,MARAVILHAS,Manhã e Tarde,,"8º ano, 9º ano",50,Não levaremos estudantes do ensino médio,0
2025,E.E. Cristiano Chaves de Oliveira,Igarape,Manhã,,"8º ano, 9º ano",40,Não levaremos estudantes do ensino médio,0
2025,Colégio Sagrado Coração de Maria,Pará de Minas,Manhã,,Não levaremos estudantes do ensino fundamental,0,"1º ano, 2º ano, 3º ano",36
2025,Centro de Referência do Professor,São Joaquim de Bicas,Manhã,,9º ano,80,Não levaremos estudantes do ensino médio,0
2025,Escola Municipal Padre Moacir Cândido Rodrigues ,Juatuba ,Manhã,,9º ano,60,Não levaremos estudantes do ensino médio,0
2025,Escola Estadual Maria Rita Duarte,Juatuba - Mg,Manhã,,Não levaremos estudantes do ensino fundamental,0,"2º ano, 3º ano",50
2025,Escola Municipal José Antônio Júnior ,São Joaquim de Bicas,Manhã e Tarde,,9º ano,40,Não levaremos estudantes do ensino médio,0
2025,Escola Municipal Clóvis Salgado,Betim,Tarde,,9º ano,40,Não levaremos estudantes do ensino médio,0
2025,EE DONA AMANDA PINHEIRO SENNA ,Igaratinga ,Manhã e Tarde,,Não levaremos estudantes do ensino fundamental,0,"1º ano, 2º ano, 3º ano",40
2025,Escola Estadual Sarah Kubitschek ,Betim,Manhã,,Não levaremos estudantes do ensino fundamental,0,3º ano,44
2025,Escola Municipal Regina Célia de Oliveira Costa ,Mateus Leme ,Manhã,,9º ano,75,Não levaremos estudantes do ensino médio,0
2025,Escola Estadual Avany Villena Diniz,Pará de Minas,Manhã e Tarde,,Não levaremos estudantes do ensino fundamental,0,"1º ano, 2º ano, 3º ano",42
2025,Escola Estadual Domingos Justino Ribeiro,Mateus Leme,Manhã,,Não levaremos estudantes do ensino fundamental,0,3º ano,45
2025,Escola Conselheiro Afonso Pena,Betim,Manhã e Tarde,,Não levaremos estudantes do ensino fundamental,0,3º ano,50
2025,Escola Municipal Regina Célia de Oliveira Costa,Mateus Leme,Manhã,,9º ano,50,Não levaremos estudantes do ensino médio,0
2025,"Escola Estadual ""Quinzinho Inácio""",Senhora de Oliveira,Manhã e Tarde,,Não levaremos estudantes do ensino fundamental,0,"2º ano, 3º ano",125
2025,ESCOLA MUNICIPAL MARGARIDA SOARES GUIMARÃES,BETIM/MG,Manhã e Tarde,,9º ano,45,Não levaremos estudantes do ensino médio,0
2025,E E Geraldo Bittencourt,Conselheiro Lafaiete,Manhã e Tarde,,Não levaremos estudantes do ensino fundamental,0,3º ano,45
2025,ESCOLA ESTADUAL PADRE NONO,IBITIRA - MARTINHO CAMPOS ,Manhã e Tarde,,Não levaremos estudantes do ensino fundamental,0,"1º ano, 2º ano, 3º ano",40
2025,Escola municipal Sebastião Ferreira de Oliveira ,Betim,Manhã e Tarde,,9º ano,70,Não levaremos estudantes do ensino médio,0
2025,ESCOLA MUNICIPAL MARIA RENILDA FERREIRA ,JUATUBA ,Manhã,,9º ano,30,Não levaremos estudantes do ensino médio,0
2025,Escola Municipal Professora Izaltina Mendonça Meireles,Pará de Minas,Manhã e Tarde,,9º ano,38,Não levaremos estudantes do ensino médio,0
2025,ESCOLA MUNICIPAL MARIA LUZIA DE ANDRADE,JUATUBA,Manhã,,9º ano,22,Não levaremos estudantes do ensino médio,0
2025,E M ARISTIDES JOSÉ DA SILVA,Betim,Manhã,,9º ano,40,Não levaremos estudantes do ensino médio,0
2025,Escola Estadual Joaquim Correa,Juatuba ,Manhã e Tarde,,Não levaremos estudantes do ensino fundamental,0,3º ano,50
2025,ESCOLA MUNICIPAL DERCY ALVES RIBEIRO ,FLORESTAL ,Manhã e Tarde,,Não levaremos estudantes do ensino fundamental,95,Não levaremos estudantes do ensino médio,0
2025,E. M. MARIA JOSÉ CAMPOS ,Betim ,Manhã,,"8º ano, 9º ano",46,Não levaremos estudantes do ensino médio,0
2025,ESCOLA ESTADUAL PROFESSORA LOURDES BERNADETE DA SILVA,BETIM,Manhã e Tarde,,Não levaremos estudantes do ensino fundamental,0,3º ano,30
2025,Escola Estadual Pedro Pereira Gumarães,Vazante,Manhã e Tarde,,Não levaremos estudantes do ensino fundamental,0,3º ano,22
2025,ESCOLA ESTADUAL JUSCELINO KUBITSCHEK ,Betim,Manhã,,Não levaremos estudantes do ensino fundamental,0,3º ano,42
2025,Escola Estadual Nossa Senhora do Carmo ,Betim,Tarde,,Não levaremos estudantes do ensino fundamental,0,3º ano,25
2025,Colégio Universo ,Bom Despacho ,Manhã e Tarde,,Não levaremos estudantes do ensino fundamental,0,"1º ano, 2º ano",30
2025,Escola Municipal Miguel Rodrigues Duarte,Juatuba (MG),Manhã,,9º ano,70,Não levaremos estudantes do ensino médio,0
2025,Escola Municipal Eid Nogueira Fares,Mateus Leme,Manhã e Tarde,,9º ano,70,Não levaremos estudantes do ensino médio,0
2025,Colégio Inovare,Mateus Leme,Manhã e Tarde,,9º ano,21,Não levaremos estudantes do ensino médio,21
2025,Secretaria Municipal de Educação - (Centro de Referência do Professor),São Joaquim de Bicas,Manhã,,9º ano,80,Não levaremos estudantes do ensino médio,0
2025,E.E. Dr. José Gonçalves,Martinho Campos,Manhã e Tarde,,9º ano,25,3º ano,23
2025,Escola Estadual Dr. Orestes Diniz,Betim,Manhã,,Não levaremos estudantes do ensino fundamental,0,"1º ano, 2º ano, 3º ano",40
2025,Escola Estadual Domingos Justino Ribeiro,Mateus Leme,Manhã,,Não levaremos estudantes do ensino fundamental,0,"2º ano, 3º ano",46
2025,Escola Estadual Nossa Senhora Auxiliadora,Pará de Minas - MG,Manhã,,Não levaremos estudantes do ensino fundamental,0,3º ano,30
2025,Escola Estadual Doutor Isauro Epifânio,Conceição do Pará,Manhã e Tarde,,Não levaremos estudantes do ensino fundamental,0,3º ano,36
2025,ESCOLA MUNICIPAL DONA COTINHA,PARÁ DE MINAS,Manhã e Tarde,,9º ano,60,Não levaremos estudantes do ensino médio,0
2025,E.M.RAUL SARAIVA RIBEIRO,Betim,Manhã e Tarde,,9º ano,90,Não levaremos estudantes do ensino médio,0
2025,ESCOLA ESTADUAL ANGELA MARIA DE OLIVEIRA,PARÁ DE MINAS,Manhã,,Não levaremos estudantes do ensino fundamental,0,"2º ano, 3º ano",40
2025,ESCOLA ESTADUAL FERNANDO OTAVIO,Pará de Minas,Manhã,,Não levaremos estudantes do ensino fundamental,0,2º ano,32
2025,ESCOLA ESTADUAL CORONEL FRANCISCO GAMA,LARANJAL,Manhã e Tarde,,Não levaremos estudantes do ensino fundamental,00,3º ano,55
2025,Escola Municipal Conceição Maria Moreira ,Pará de Minas ,Manhã,,"7º ano, 8º ano, 9º ano",40,Não levaremos estudantes do ensino médio,0
2025,Escola Estadual Dona Antônia Valadares ,São José da Varginha ,Manhã,,Não levaremos estudantes do ensino fundamental,0,"2º ano, 3º ano",40
2025,Escola Municipal Conceição Maria Moreira ,Pará de Minas,Manhã e Tarde,,"7º ano, 8º ano, 9º ano",40,Não levaremos estudantes do ensino médio,0
2025,Escola Estadual Professora Geralda Eugênia da Silva ,São Joaquim de Bicas,Manhã e Tarde,,Não levaremos estudantes do ensino fundamental,0,3º ano,43
2025,"Escola Municipal ""Doutor Júlio Rodrigues Plácido""",Mateus Leme,Manhã e Tarde,,9º ano,60,Não levaremos estudantes do ensino médio,0
2025,Escola Estadual Jose Ataide de Almeida,Igaratinga,Manhã e Tarde,,Não levaremos estudantes do ensino fundamental,0,3º ano,37
2025,Secretaria Municipal de Educação - (Centro de Referência do Professor),São Joaquim de Bicas,Manhã e Tarde,,9º ano,80,Não levaremos estudantes do ensino médio,0
2025,Colégio Educare ,"Betim, MG",Tarde,,9º ano,2,Não levaremos estudantes do ensino médio,0
2025,ESCOLA MUNICIPAL MANUEL ANTONIO DOS SANTOS,MARAVILHAS,Manhã,,9º ano,17,Não levaremos estudantes do ensino médio,0
2025,Escola Municipal Alípio Nogueira do Amaral ,Juatuba ,Manhã e Tarde,,9º ano,20,Não levaremos estudantes do ensino médio,0
2025,CEDAF,,,,,0,,540